<?xml version="1.0" encoding="UTF-8"?>
<project-private xmlns="http://www.netbeans.org/ns/project-private/1">
    <editor-bookmarks xmlns="http://www.netbeans.org/ns/editor-bookmarks/2" lastBookmarkId="0"/>
    <open-files xmlns="http://www.netbeans.org/ns/projectui-open-files/2">
        <group>
            <file>file:/Users/paulbonenfant/Documents/Teaching/SYST17796/Project/2020S/SYST17796_ProjectStarterCode/src/ca/sheridancollege/project/Game.java</file>
            <file>file:/Users/paulbonenfant/Documents/Teaching/SYST17796/Project/2020S/SYST17796_ProjectStarterCode/src/ca/sheridancollege/project/GroupOfCards.java</file>
            <file>file:/Users/paulbonenfant/Documents/Teaching/SYST17796/Project/2020S/SYST17796_ProjectStarterCode/src/ca/sheridancollege/project/Card.java</file>
            <file>file:/Users/paulbonenfant/Documents/Teaching/SYST17796/Project/2020S/SYST17796_ProjectStarterCode/src/ca/sheridancollege/project/Player.java</file>
        </group>
    </open-files>
</project-private>
